filename,Date (Farsi),Date (Gregorian),Date (Normalized),Place (English),Place (Farsi),City (English-LCSH),City (Farsi),Country (English),Country (Farsi),Description (English),Description (Farsi),Keywords/Chants/Slogans (English),Keywords/Chants/Slogans (Farsi),Names (English),Names (Farsi),Title (English),Title (Farsi),Physical Type,Genre (English),"Lat, Lon"
rasatv1_001.mp4,۱۳۹۰/۰۱/۰۳,3/23/11,2011-03-23,,,Kuala Lumpur ,کوالا لامپور,Malaysia,مالزی,"This video is a RASA TV special program for the Iranian New Year. This program includes a song by Homayoun Shajarian, a Happy New Year message from the Green Movement leaders, Mir Hossein Mousavi and Mehdi Karroubi. ",این ویدیو به ویژه برنامهٔ تلویزیون رسا برای نوروز اختصاص داده شده است. این برنامه شامل ترانه از همایون شجریان، و پیام تبریک نوروز از رهبران جنبش سبز، میر حسین موسوی و مهدی کروبی، میباشد.,RASA TV , تلویزیون رسا,Mir-Hossein Mousavi / Mehdi Karroubi / Homayoun Shajarian ,میرحسین موسوی / مهدی کروبی / همایون شجریان,Iranian New Year Special   ,ویژه برنامه نوروز ,moving image,Television programs,"3.1333,101.6833"
rasatv1_002.mp4,۱۳۹۰/۱۲/۰۱,4/1/11,2011-04-01,,,Kuala Lumpur ,کوالا لامپور,Malaysia,مالزی,This video is a RASA TV special program for the Iranian New Year. This program includes an interview with Dr. Sadegh Tabatabaei.,این ویدیو به ویژه برنامهٔ تلویزیون رسا برای نوروز اختصاص داده شده است. این برنامه شامل مصاحبه با دکتر صادق طباطبائی میباشد,RASA TV , تلویزیون رسا,Sadeq Tabatabaei,صادق طباطبایی,Iranian New Year Special   ,ویژه برنامه نوروز ,moving image,Television programs,"3.1333,101.6833"
rasatv1_003.mp4,۱۳۹۰/۰۶/۰۳,8/25/11,2011-08-25,,,Kuala Lumpur ,کوالا لامپور,Malaysia,مالزی,This video covers a statement released by the Coordination Council of the Green Path of Hope regarding the fall of Libyan dictator leader. ,این ویدیو به بیانیه شورای هماهنگی پیرامون سقوط دیکتاتور لیبی میپردازد.,RASA TV , تلویزیون رسا,,,A Statement released by the Coordination Council of the Green Path of Hope  ,بیانیه شورای هماهنگی,moving image,Television programs,"3.1333,101.6833"
rasatv1_004.mp4,۱۳۹۰/۰۵/۲۱,8/12/11,2011-08-12,,,Kuala Lumpur ,کوالا لامپور,Malaysia,مالزی,This video is a RASA TV special program on the role of elections in dictatorships.,این ویدیو به ویژه برنامهٔ تلویزیون رسا پیرامون نقش انتخابات در رژیمهای دیکتاتوری اختصاص داده شده است.,RASA TV , تلویزیون رسا,,,RASA TV Special Program,ویژه برنامهٔ تلویزیون رسا,moving image,Television programs,"3.1333,101.6833"
rasatv1_005.mp4,۱۳۹۰/۰۳/۰۲,5/23/11,2011-05-23,,,Kuala Lumpur ,کوالا لامپور,Malaysia,مالزی,"This video is a RASA TV special program on the life and accomplishments of Naser Hejazi, an Iranian soccer player and couch. ",این ویدیو به ویژه برنامهٔ تلویزیون رسا پیرامون زندگی و دستاورد های ناصر حجازی بازیکن و مربی فوتبال ایرانی میپردازد.,RASA TV ,تلویزیون رسا ,Naser Hejazi,ناصر حجازی,RASA TV Special Program,ویژه برنامهٔ تلویزیون رسا,moving image,Television programs,"3.1333,101.6833"
rasatv1_006.mp4,۱۳۹۰/۰۱/۳۰,4/19/11,2011-04-19,,,Kuala Lumpur ,کوالا لامپور,Malaysia,مالزی,This video is a RASA TV special program on the resignation of Behzad Nabavi from the 6th parliament of Iran.,این ویدیو به ویژه برنامهٔ تلویزیون رسا پیرامون استعفای بهزاد نبوی از مجلس ششم ایران اختصاص داده شده است.,RASA TV , تلویزیون رسا,Behzad Nabavi,بهزاد نبوی,RASA TV Special Program,ویژه برنامهٔ تلویزیون رسا,moving image,Television programs,"3.1333,101.6833"
rasatv1_007.mp4,۱۳۹۰/۰۱/۰۲,3/22/11,2011-03-22,,,Kuala Lumpur ,کوالا لامپور,Malaysia,مالزی,"This video is a RASA TV special program for the Iranian New Year. This program includes a song by Fereydoun and Happy New Year messages from Mehdi Kadivar, Mohammad-Reza Shajarian, Ali Mazrooei, Simin Behbahani, and Ahmad Ghabel. ",این ویدیو به ویژه برنامهٔ تلویزیون رسا برای نوروز اختصاص داده شده است. این برنامه شامل ترانه از فریدون، و پیام تبریک سال نو از طرف مهدی کدیور، محمدرضا شجریان، علی مزروعی، سیمین بهبهانی و احمد قابل میباشد.,RASA TV , تلویزیون رسا,Mehdi Kadivar / Mohammad-Reza Shajarian / Ali Mazrooei /Simin Behbahani / Ahmad Ghabel,مهدی کدیور/ محمدرضا شجریان / علی مزروعی / سیمین بهبهانی / احمد قابل, Iranian New Year Special   ,ویژه برنامه نوروز ,moving image,Television programs,"3.1333,101.6833"
rasatv1_008.mp4,۱۳۹۰/۰۱/۰۱,3/21/11,2011-03-21,,,Kuala Lumpur ,کوالا لامپور,Malaysia,مالزی,This video is a RASA TV special program for the Iranian New Year. This program includes Happy New Year messages from Ayatollah Montazeri and Ezatollah Sahabi.,این ویدیو به ویژه برنامهٔ تلویزیون رسا برای نوروز اختصاص داده شده است. در این برنامه پیام تبریک سال نو آقایان آیت الله منتظری و عزت الله سحابی پخش میشود.,RASA TV , تلویزیون رسا,Hussein-Ali Montazeri / Ezzatollah Sahabi,حسینعلی منتظری / عزت الله سحابی, Iranian New Year Special   ,ویژه برنامه نوروز ,moving image,Television programs,"3.1333,101.6833"
rasatv1_009.mp4,۱۳۹۰/۰۴/۰۷,6/28/11,2011-06-28,,,Tehran ,تهران,Iran,ایران,"This video is a RASA TV special program on a statement released by Firouzeh Saber. In this statement, she addresses the Iranians who organize protests against the regime outside of Iran. ",این ویدیو به ویژه برنامهٔ تلویزیون رسا پیرامون بیانیه فیروزه صابر اختصاص داده شده است. این بیانیه خطاب به ایرانیان برگزار کنندهٔ تظاهرات علیه رژیم در خارج از کشور می باشد.,RASA TV ,تلویزیون رسا ,Firouzeh Saber,فیروزه صابر,RASA TV Special Program,ویژه برنامهٔ تلویزیون رسا,moving image,Television programs,"35.69439, 51.42151"
rasatv1_010.mp4,۱۳۹۰/۰۶/۰۸,8/30/11,2011-08-30,,,Tehran ,تهران,Iran,ایران,"This video is a RASA TV special program on three political prisoners: Ahmad Zaidabadi, Mahdieh Golroo and Omid Koukabi.",این ویدیو به ویژه برنامهٔ تلویزیون رسا در مورد سه زندانی سیاسی: احمد زیدآبادی، مهدیه گلرو و امید کوکبی اختصاص داده شده است.,RASA TV / Prisoner of Conscience ,تلویزیون رسا / زندانی عقیدتی,Ahmad Zaidabadi / Mahdieh Golroo / Omid Koukabi,احمد زیدآبادی / مهدیه گلرو / امید کوکبی,RASA TV Special Program,ویژه برنامهٔ تلویزیون رسا,moving image,Television programs,"35.69439, 51.42151"
rasatv1_011.mp4,۱۳۹۰/۰۳/۰۲,5/23/11,2011-05-23,,,Tehran ,تهران,Iran,ایران,"This video is a RASA TV Special Report on the events that occurred in Iran’s history of presidential election on May 22, 1997.  ",این ویدیو به گزارش ویژه تلویزیون رسا پیرامون اتفاقات تاریخی انتخابات ریاست جمهوری که در ۱ خرداد ۱۳۷۶ برگزار شد میپردازد.,RASA TV , تلویزیون رسا,,,RASA TV Special Report ,گزارش ویژه تلویزیون رسا,moving image,Television programs,"35.69439, 51.42151"
rasatv1_012.mp4,۱۳۹۰/۰۳/۰۳,5/24/11,2011-05-24,,,Tehran ,تهران,Iran,ایران,This video is a RASA TV Special Report on Mir Hossein Mousavi and his presidential candidacy in the Iranian 2009 presidential election.,این ویدیو به گزارش ویژه تلویزیون رسا از میر حسین موسوی و کاندید شدنش در انتخابات ریاست جمهوری ایران اختصاص داده شده است.,RASA TV ,تلویزیون رسا,Mir-Hossein Mousavi,میرحسین موسوی,RASA TV Special Report ,گزارش ویژه تلویزیون رسا,moving image,Television programs,"35.69439, 51.42151"
rasatv1_013.mp4,۱۳۹۰/۰۲/۱۲,5/2/11,2011-05-02,,,Kuala Lumpur,کوالا لامپور,Malaysia,مالزی,This video is a RASA TV Special Report on the history of International Workers’ Day.,این ویدیو به گزارش ویژه تلویزیون رسا پیرامون روزِ جهانی کارگر اختصاص دارد.,RASA TV , تلویزیون رسا,,,RASA TV Special Report ,گزارش ویژه تلویزیون رسا,moving image,Television programs,"3.1333,101.6833"
rasatv1_014.mp4,۱۳۹۰/۰۱/۲۳,4/12/11,2011-04-12,,,Tehran ,تهران,Iran,ایران,This video is a RASA TV Special Report on the life and accomplishments of Dr. Yadollah Sahabi.,این ویدیو به گزارش ویژه تلویزیون رسا پیرامون زندگی و دستاورد های دکتر ید الله سحابی اختصاص دارد.,RASA TV ,تلویزیون رسا,Yadollah Sahabi,ید الله سحابی,RASA TV Special Report ,گزارش ویژه تلویزیون رسا,moving image,Television programs,"35.69439, 51.42151"
rasatv1_015.mp4,۱۳۹۰/۰۲/۰۹,4/29/11,2011-04-29,,,Tehran ,تهران,Iran,ایران,This video is a RASA TV Special Report on the role of Revolutionary Guards in election of Ahmadinejad as Iranian president.,این ویدیو به گزارش ویژه تلویزیون رسا پیرامون نقش سپاه پاسداران در انتخاب شدن احمدینژاد به عنوان رییس جمهور اختصاص دارد.,RASA TV , تلویزیون رسا,Mahmoud Ahmadinejad,محمود احمدینژاد,RASA TV Special Report ,گزارش ویژه تلویزیون رسا,moving image,Television programs,"35.69439, 51.42151"
rasatv1_016.mp4,۱۳۹۰/۰۲/۰۵,4/25/11,2011-04-25,,,Tehran ,تهران,Iran,ایران,This video is a RASA TV Special Report on increasing involvement of the Revolutionary Guards in economic and political activities.,این ویدیو به گزارش ویژه تلویزیون رسا پیرامون افزایش نفوذ سپاه پاسداران در اقتصاد و سیاست ایران اختصاص داده شده است.,RASA TV , تلویزیون رسا,,,RASA TV Special Report ,گزارش ویژه تلویزیون رسا,moving image,Television programs,"35.69439, 51.42151"
rasatv1_017.mp4,۱۳۹۰/۰۲/۰۳,4/23/11,2011-04-23,,,Tehran ,تهران,Iran,ایران,This video is a RASA TV Special Report on the formation of the Revolutionary Guards and the changes it went through during the first 10 years following the revolution.,این ویدیو به گزارش ویژه تلویزیون رسا پیرامون تاسیس سپاه پاسداران و تغیرات ایجاد شده در آن در طول ۱۰ سال اول انقلاب اختصاص داده شده است.,RASA TV , تلویزیون رسا,,,RASA TV Special Report ,گزارش ویژه تلویزیون رسا,moving image,Television programs,"35.69439, 51.42151"
rasatv1_018.mp4,۱۳۹۰/۰۳/۱۰,5/31/11,2011-05-31,,,Tehran ,تهران,Iran,ایران,This video is a RASA TV Special Report on the life and accomplishments of Ezzatollah Sahabi.,این ویدیو به گزارش ویژه تلویزیون رسا پیرامون زندگی و دستاورد های عزت الله سحابی اختصاص دارد.,RASA TV,تلویزیون رسا,Ezzatollah Sahabi.,عزت الله سحابی,RASA TV Special Report ,گزارش ویژه تلویزیون رسا,moving image,Television programs,"3.1333,101.6833"
rasatv1_019.mp4,۱۳۹۰/۰۵/۱۷,8/8/11,2011-08-08,,,Paris,پاریس,France,فرانسه,"This video is a RASA TV interview with Dr. Abdol-Karim Soroush, a former professor of philosophy, regarding the conflicts between President Ahmadinejad and Supreme Leader Ali Khamenei.",این ویدیو به مصاحبه تلویزیون رسا با دکتر عبدالکریم سروش، استاد سابق فلسفه، پیرامون اختلافات میان رئیس جمهور ایران، احمدینژاد و رهبر جمهوری اسلامی، علی خامنه ای اختصاص دارد.,RASA TV , تلویزیون رسا,Abdol-Karim Soroush / Mahmoud Ahmadinejad / Ali Khamenei,عبدالکریم سروش / محمود احمدینژاد / علی خامنه ای, Iranian New Year Special   ,ویژه برنامه نوروز ,moving image,Television programs,"48.8567, 2.3508"
rasatv1_020.mp4,۱۳۹۰/۰۵/۱۷,8/8/11,2011-08-08,,,Paris,پاریس,France,فرانسه,"This video is a RASA TV interview with Dr. Abdol-Karim Soroush, a former professor of philosophy, regarding the conflicts between President Ahmadinejad and Supreme Leader Ali Khamenei.",این ویدیو به مصاحبه تلویزیون رسا با دکتر عبدالکریم سروش، استاد سابق فلسفه، پیرامون اختلافات میان رئیس جمهور ایران، احمدینژاد و رهبر جمهوری اسلامی، علی خامنه ای اختصاص دارد.,RASA TV , تلویزیون رسا,Abdol-Karim Soroush / Mahmoud Ahmadinejad / Ali Khamenei,عبدالکریم سروش / محمود احمدینژاد / علی خامنه ای, Iranian New Year Special   ,ویژه برنامه نوروز ,moving image,Television programs,"48.8567, 2.3508"
rasatv1_021.mp4,۱۳۹۰/۰۵/۱۷,8/8/11,2011-08-08,,,Paris,پاریس,France,فرانسه,"This video is a RASA TV interview with Dr. Abdol-Karim Soroush, a former professor of philosophy, regarding the conditions set forth by Mohammad Khatami that must be met in order for reformists to run in future elections. ",این ویدیو به مصاحبه تلویزیون رسا با دکتر عبدالکریم سروش، استاد سابق فلسفه، پیرامون شرایط مطرح شده توسط محمد خاتمی برای حضور اصلاح طلبان در انتخابات آتی ایران اختصاص داده شده است.,RASA TV ,تلویزیون رسا,Abdol-Karim Soroush / Mohammad Khatami,عبدالکریم سروش/ محمد خاتمی, Iranian New Year Special   ,ویژه برنامه نوروز ,moving image,Television programs,"48.8567, 2.3508"
rasatv1_022.mp4,۱۳۹۰/۰۷/۲۷,10/19/11,2011-10-19,,,Brussels,بروکسل,Belgium,بلژیک,"Shakhes (index) was a TV show broadcasted on RASA TV in 2011. In this Episode of Shakhes, Ali Mazrooei discusses the human development index.",شاخص، یکی از برنامه های تلویزیون رسا، در این قسمت به سخنان علی مزروعی پیرامون شاخص پیشرفت انسان میپردازد.,Shakhes / RASA TV ,شاخص / تلویزیون رسا,Ali Mazrooei,علی مزروعی,Shakhes TV Show: Human Development Index,برنامه تلویزیون شاخص: شخص توسعه انسانی,moving image,Television programs,"50.8503, 4.3517"
rasatv1_023.mp4,۱۳۹۰/۰۷/۲۰,10/12/11,2011-10-12,,,Brussels,بروکسل,Belgium,بلژیک,"Shakhes (index) was a TV show broadcasted on RASA TV in 2011. In this Episode of Shakhes, Ali Mazrooei discusses the life expectancy index.",شاخص، یکی از برنامه های تلویزیون رسا، در این قسمت به سخنان علی مزروعی پیرامون شاخص امید به زندگی میپردازد.,Shakhes / RASA TV ,شاخص / تلویزیون رسا,Ali Mazrooei,علی مزروعی,Shakhes TV Show: Life Expectancy Index,برنامه تلویزیون شاخص: شاخص امید به زندگی,moving image,Television programs,"50.8503, 4.3517"
rasatv1_024.mp4,۱۳۹۰/۰۳/۱۸,6/8/11,2011-06-08,,,Brussels,بروکسل,Belgium,بلژیک,"Shakhes (index) was a TV show broadcasted on RASA TV in 2011. In this Episode of Shakhes, Ali Mazrooei discusses the impact of oil revenues on the Iranian economy.",شاخص، یکی از برنامه های تلویزیون رسا، در این قسمت به سخنان علی مزروعی پیرامون تاثیرات درامد های نفتی بر اقتصاد ایران میپردازد.,Shakhes / RASA TV ,شاخص / تلویزیون رسا,Ali Mazrooei,علی مزروعی,Shakhes TV Show: Impact of Oil Revenues,برنامه تلویزیون شاخص: تاثیرات درامد نفتی,moving image,Television programs,"50.8503, 4.3517"
rasatv1_025.mp4,۱۳۹۰/۰۵/۱۵,8/6/11,2011-08-06,,,Brussels,بروکسل,Belgium,بلژیک,"Shakhes (index) was a TV show broadcasted on RASA TV in 2011. In this Episode of Shakhes, Ali Mazrooei discusses the rate of inflation in Iran.",شاخص، یکی از برنامه های تلویزیون رسا، در این قسمت به سخنان علی مزروعی پیرامون نرخ تورم در ایران میپردازد.,Shakhes / RASA TV ,شاخص / تلویزیون رسا,Ali Mazrooei,علی مزروعی,Shakhes TV Show: Inflation in Iran,برنامه تلویزیون شاخص: تورم در ایران,moving image,Television programs,"50.8503, 4.3517"
rasatv1_026.mp4,۱۳۹۰/۰۶/۱۸,9/9/11,2011-09-09,,,Brussels,بروکسل,Belgium,بلژیک,"Shakhes (index) was a TV show broadcasted on RASA TV in 2011. In this Episode of Shakhes, Ali Mazrooei discusses the rate of economic growth and income distribution index in Iran.",شاخص، یکی از برنامه های تلویزیون رسا، در این قسمت به سخنان علی مزروعی پیرامون نرخ رشد اقتصادی و شاخص جینی در ایران میپردازد.,Shakhes / RASA TV ,شاخص / تلویزیون رسا,Ali Mazrooei,علی مزروعی,Shakhes TV Show: Income Distribution Index,برنامه تلویزیون شاخص: توسعه درامد,moving image,Television programs,"50.8503, 4.3517"
rasatv1_027.mp4,۱۳۹۰/۰۵/۱۵,8/6/11,2011-08-06,,,Brussels,بروکسل,Belgium,بلژیک,"Shakhes (index) was a TV show broadcasted on RASA TV in 2011. In this Episode of Shakhes, Ali Mazrooei discusses the rate of inflation in Iran.",شاخص، یکی از برنامه های تلویزیون رسا، در این قسمت به سخنان علی مزروعی پیرامون نرخ تورم در ایران میپردازد.,Shakhes / RASA TV ,شاخص / تلویزیون رسا,Ali Mazrooei,علی مزروعی,Shakhes TV Show: Inflation in Iran,برنامه تلویزیون شاخص: تورم در ایران,moving image,Television programs,"50.8503, 4.3517"
rasatv1_028.mp4,۱۳۹۰/۰۸/۰۵,10/27/11,2011-10-27,,,Brussels,بروکسل,Belgium,بلژیک,"Shakhes (index) was a TV show broadcasted on RASA TV in 2011. In this Episode of Shakhes, Ali Mazrooei discusses the prosperity index and social justice.",شاخص، یکی از برنامه های تلویزیون رسا، در این قسمت به سخنان علی مزروعی پیرامون شاخص رفاه و عدالت اجتماعی در ایران میپردازد.,Shakhes / RASA TV ,شاخص / تلویزیون رسا,Ali Mazrooei,علی مزروعی,Shakhes TV Show: Prosperity Index and Social Justice,برنامه تلویزیون شاخص: شاخص رفاه و عدالت اجتماعی,moving image,Television programs,"50.8503, 4.3517"
rasatv1_029.mp4,۱۳۹۰/۰۶/۱۱,9/2/11,2011-09-02,,,Brussels,بروکسل,Belgium,بلژیک,"Shakhes (index) was a TV show broadcasted on RASA TV in 2011. In this Episode of Shakhes, Ali Mazrooei discusses the prosperity index and social justice.",شاخص، یکی از برنامه های تلویزیون رسا، در این قسمت به سخنان علی مزروعی پیرامون شاخص رفاه و عدالت اجتماعی در ایران میپردازد.,Shakhes / RASA TV ,شاخص / تلویزیون رسا,Ali Mazrooei,علی مزروعی,Shakhes TV Show: Prosperity Index and Social Justice,برنامه تلویزیون شاخص: شاخص رفاه و عدالت اجتماعی,moving image,Television programs,"50.8503, 4.3517"
rasatv1_030.mp4,۱۳۹۰/۰۶/۲۵,9/16/11,2011-09-16,,,Brussels,بروکسل,Belgium,بلژیک,"Shakhes (index) was a TV show broadcasted on RASA TV in 2011. In this Episode of Shakhes, Ali Mazrooei discusses the Gini coefficient.",شاخص، یکی از برنامه های تلویزیون رسا، در این قسمت به سخنان علی مزروعی پیرامون شاخص جینی در ایران میپردازد.,Shakhes / RASA TV ,شاخص / تلویزیون رسا,Ali Mazrooei,علی مزروعی,Shakhes TV Show: Gini Coefficient,برنامه تلویزیون شاخص: شاخص ضریب جینی,moving image,Television programs,"50.8503, 4.3517"
rasatv1_031.mp4,۱۳۸۸,2009,2009,,,Brussels,بروکسل,Belgium,بلژیک,"Shakhes (index) was a TV show broadcasted on RASA TV in 2011. In this Episode of Shakhes, Ali Mazrooei discusses financial corruption in Iran.",شاخص، یکی از برنامه های تلویزیون رسا، در این قسمت به سخنان علی مزروعی پیرامون فساد اقتصادی در ایران میپردازد.,Shakhes / RASA TV ,شاخص / تلویزیون رسا,Ali Mazrooei,علی مزروعی,Shakhes TV Show: Financial Corruption,برنامه تلویزیون شاخص: فساد اقتصادی,moving image,Television programs,"50.8503, 4.3517"
rasatv1_032.mp4,۱۳۹۰/۰۶/۰۴,8/26/11,2011-08-26,,,Brussels,بروکسل,Belgium,بلژیک,"Shakhes (index) was a TV show broadcasted on RASA TV in 2011. In this Episode of Shakhes, Ali Mazrooei compares the economic performance of Khatami’s administration to Rafsanjani’s.",شاخص، یکی از برنامه های تلویزیون رسا، در این قسمت به سخنان علی مزروعی پیرامون مقایسه عملکرد دولت خاتمی و دولت رفسنجانی در ایران میپردازد.,Shakhes / RASA TV ,شاخص / تلویزیون رسا,Ali Mazrooei,علی مزروعی,Shakhes TV Show: Economic Performance,برنامه تلویزیون شاخص: عملکرد اقتصادی,moving image,Television programs,"50.8503, 4.3517"
rasatv1_033.mp4,۱۳۹۰/۰۴/۰۱,6/22/11,2011-06-22,,,Brussels,بروکسل,Belgium,بلژیک,"Shakhes (index) was a TV show broadcasted on RASA TV in 2011. In this Episode of Shakhes, Ali Mazrooei discusses Iran’s annual economic growth rates since the Islamic revolution.",شاخص، یکی از برنامه های تلویزیون رسا، در این قسمت به سخنان علی مزروعی پیرامون نرخ رشد اقتصادی از زمان انقلاب اسلامی در ایران میپردازد.,Shakhes / RASA TV ,شاخص / تلویزیون رسا,Ali Mazrooei,علی مزروعی,Shakhes TV Show: Annual Economic Growth Rates,برنامه تلویزیون شاخص: نرخ رشد سالانه اقتصادی,moving image,Television programs,"50.8503, 4.3517"
rasatv1_034.mp4,۱۳۸۸,2009,2009,,,Brussels,بروکسل,Belgium,بلژیک,"Shakhes (index) was a TV show broadcasted on RASA TV in 2011. In this Episode of Shakhes, Ali Mazrooei discusses the situation of investment in Iran since the Islamic revolution.",شاخص، یکی از برنامه های تلویزیون رسا، در این قسمت به سخنان علی مزروعی پیرامون سرمایه گزاری در ایران از زمان انقلاب اسلامی در ایران میپردازد.,Shakhes / RASA TV ,شاخص / تلویزیون رسا,Ali Mazrooei,علی مزروعی,Shakhes TV Show: Investment in Iran,برنامه تلویزیون شاخص: سرمایه گذاری در ایران,moving image,Television programs,"50.8503, 4.3517"
rasatv1_035.mp4,۱۳۸۸,2009,2009,,,Brussels,بروکسل,Belgium,بلژیک,"Shakhes (index) was a TV show broadcasted on RASA TV in 2011. In this Episode of Shakhes, Ali Mazrooei discusses the liquidity of Iranian government since the Islamic revolution.",شاخص، یکی از برنامه های تلویزیون رسا، در این قسمت به سخنان علی مزروعی پیرامون نقدینگی دولت ایران از زمان انقلاب اسلامی در ایران میپردازد.,Shakhes / RASA TV ,شاخص / تلویزیون رسا,Ali Mazrooei,علی مزروعی,Shakhes TV Show: the Liquidity of Iran,برنامه تلویزیون شاخص: وضعیت نقدینگی ایران,moving image,Television programs,"50.8503, 4.3517"
rasatv1_036.mp4,۱۳۹۰/۰۵/۱۶,8/7/11,2011-08-07,,,Kuala Lumpur ,کوالا لامپور,Malaysia,مالزی,"Rasa TV has the special program for the month of Ramadan in 2011. This program includes the Hussein-Ali Montazeri’s speech, Ramadan prayers and Abdolkarim Soroush’s commentary.",برنامه ویژه تلویزیون رسا به مناسبت ماه مبارک رمضان در سال ۱۳۹۰. در این برنامه شاهد سخنرانی حسینعلی منتظری، دعا های ماه رمضان و سخنان عبد الکریم سروش هستیم.,RASA TV ,تلویزیون رسا,Hussein-Ali Montazeri / Abdolkarim Soroush,حسینعلی منتظری / عبد الکریم سروش,Ramadan Special,ویژه ماه مبارک رمضان,moving image,Television programs,"3.1333,101.6833"
rasatv1_037.mp4,۱۳۹۰/۰۵/۱۶,8/7/11,2011-08-07,,,Kuala Lumpur ,کوالا لامپور,Malaysia,مالزی,Rasa TV has the special program for the month of Ramadan in 2011. This program includes the Abdolkarim Soroush’s speech and Salar Aghili’s Music.,برنامه ویژه تلویزیون رسا به مناسبت ماه مبارک رمضان در سال ۱۳۹۰. در این برنامه شاهد سخنرانی عبد الکریم سروش و موسیقی سالار عقیلی هستیم.,RASA TV ,تلویزیون رسا,Abdolkarim Soroush,عبد الکریم سروش,Ramadan Special,ویژه ماه مبارک رمضان,moving image,Television programs,"3.1333,101.6833"
rasatv1_038.mp4,۱۳۹۰/۰۶/۰۷,8/29/11,2011-08-29,,,Kuala Lumpur ,کوالا لامپور,Malaysia,مالزی,"Rasa TV has the special program for the month of Ramadan in 2011. This program includes the ditty for Iftar, Hussein-Ali Montazeri’s speech, Ramadan Prayer, Musa al-Sadr’s speech, Hasan Yousefi Eshkevari’s commentary and the song from the Rastak group.",برنامه ویژه تلویزیون رسا به مناسبت ماه مبارک رمضان در سال ۱۳۹۰. در این برنامه شاهد تصنیف زمان افطار، صحبت های آیت الله العظمی منتظری، دعای رمضان، سخنانی از امام موسی صدر، صحبت های حسن یوسفی اشکوری و ترانه بلوچی مروجان از گروه رستاک میباشیم.,RASA TV ,تلویزیون رسا,Hussein-Ali Montazeri / Musa Al-Sadr / Hasan Yousefi Eshkevari ,حسینعلی منتظری / موسی الصدر / حسن یوسفی اشکواری,Ramadan Special,ویژه ماه مبارک رمضان,moving image,Television programs,"3.1333,101.6833"
rasatv1_039.mp4,۱۳۹۰/۰۵/۱۹,8/10/11,2011-08-10,,,Kuala Lumpur ,کوالا لامپور,Malaysia,مالزی,"Rasa TV has the special program for the month of Ramadan in 2011. This program includes the ditty for Iftar, Hussein-Ali Montazeri’s speech, Ramadan Prayer and Nasser Taghvai’s speech.",برنامه ویژه تلویزیون رسا به مناسبت ماه مبارک رمضان در سال ۱۳۹۰. در این برنامه شاهد تصنیف زمان افطار، صحبت های آیت الله العظمی منتظری، دعای رمضان، سخنانی از ناصر تقوایی میباشیم.,RASA TV ,تلویزیون رسا,Hussein-Ali Montazeri / Nasser Taghvai,حسینعلی منتظری / ناصر تقوایی,Ramadan Special,ویژه ماه مبارک رمضان,moving image,Television programs,"3.1333,101.6833"
rasatv1_040.mp4,۱۳۹۰/۰۵/۱۹,8/10/11,2011-08-10,,,Kuala Lumpur ,کوالا لامپور,Malaysia,مالزی,"Rasa TV has the special program for the month of Ramadan in 2011. This program includes the ditty for Iftar, Ali Shariati’s speech and Abdolkarim Soroush’s speech.",برنامه ویژه تلویزیون رسا به مناسبت ماه مبارک رمضان در سال ۱۳۹۰. در این برنامه شاهد تصنیف زمان افطار، صحبت های علی شریعتی و سخنانی از عبد الکریم سروش میباشیم.,RASA TV ,تلویزیون رسا,Ali Shariati / Abdolkarim Soroush,علی شریعتی / عبد الکریم سروش,Ramadan Special,ویژه ماه مبارک رمضان,moving image,Television programs,"3.1333,101.6833"
rasatv1_041.mp4,۱۳۹۰/۰۵/۲۰,8/11/11,2011-08-11,,,Kuala Lumpur ,کوالا لامپور,Malaysia,مالزی,"Rasa TV has the special program for the month of Ramadan in 2011. This program includes the ditty for Iftar, Hussein-Ali Montazeri’s speech, Ramadan Prayer and Abdolkarim Soroush’s speech.",برنامه ویژه تلویزیون رسا به مناسبت ماه مبارک رمضان در سال ۱۳۹۰. در این برنامه شاهد تصنیف زمان افطار، صحبت های آیت الله العظمی منتظری، دعای رمضان، سخنانی از دکتر سروش میباشیم.,RASA TV ,تلویزیون رسا,Hussein-Ali Montazeri / Abdolkarim Soroush,حسینعلی منتظری / عبد الکریم سروش,Ramadan Special,ویژه ماه مبارک رمضان,moving image,Television programs,"3.1333,101.6833"
rasatv1_042.mp4,۱۳۹۰/۰۵/۲۰,8/11/11,2011-08-11,,,Kuala Lumpur ,کوالا لامپور,Malaysia,مالزی,"Rasa TV has the special program for the month of Ramadan in 2011. This program includes the ditty for Iftar, Mohammad Javad Akbarin’s speech (Religious studies scholar) and the Kamkars musical ensemble play.",برنامه ویژه تلویزیون رسا به مناسبت ماه مبارک رمضان در سال ۱۳۹۰. در این برنامه شاهد تصنیف زمان افطار، صحبت های محمد جواد اکبرین، دین پژوه، و کاری از گروه کامکارها میباشیم.,RASA TV ,تلویزیون رسا,Mohammad Javad Akbarin,محمد جواد اکبرین,Ramadan Special,ویژه ماه مبارک رمضان,moving image,Television programs,"3.1333,101.6833"
rasatv1_043.mp4,۱۳۹۰/۰۵/۲۴,8/15/11,2011-08-15,,,Kuala Lumpur ,کوالا لامپور,Malaysia,مالزی,"Rasa TV has the special program for the month of Ramadan in 2011. This program includes the ditty for Iftar, Hussein-Ali Montazeri’s speech and Ramadan Prayer.",برنامه ویژه تلویزیون رسا به مناسبت ماه مبارک رمضان در سال ۱۳۹۰. در این برنامه شاهد تصنیف زمان افطار، صحبت های آیت الله العظمی منتظری و دعای رمضان میباشیم.,RASA TV ,تلویزیون رسا,Hussein-Ali Montazeri,حسینعلی منتظری,Ramadan Special,ویژه ماه مبارک رمضان,moving image,Television programs,"3.1333,101.6833"
rasatv1_044.mp4,۱۳۹۰/۰۵/۲۴,8/15/11,2011-08-15,,,Kuala Lumpur ,کوالا لامپور,Malaysia,مالزی,"This video is a RASA TV special program for the month of Ramadan. This program includes Ramadan prayer, Mohesen Kadivar’s speech, and a Kurdish song by Kamkars.",این ویدیو به ویژه برنامه تلویزیون رسا به مناسبت ماه مبارک رمضان اختصاص داده شده است. در این برنامه شاهد دعای رمضان، سخنرانی محسن کدیور و ترانه ای کردی توسط گروه کامکارها میباشیم.,RASA TV ,تلویزیون رسا,Mohsen Kadivar,محسن کدیور,Ramadan Special,ویژه ماه مبارک رمضان,moving image,Television programs,"3.1333,101.6833"
rasatv1_045.mp4,۱۳۹۰/۰۵/۲۵,8/16/11,2011-08-16,,,Kuala Lumpur ,کوالا لامپور,Malaysia,مالزی,"This video is a RASA TV special program for the month of Ramadan. This program includes Ramadan prayers, Hussein-Ali Montazeri’s speech, Iftar prayer, and highlights of Dr. Ali Shariati’s speech.",این ویدیو به ویژه برنامه تلویزیون رسا به مناسبت ماه مبارک رمضان اختصاص داده شده است. در این برنامه شاهد دعای رمضان، دعای افطار، سخنرانی حسینعلی منتظری و بخش هایی از سخنرانی علی شریعتی میباشیم.,RASA TV ,تلویزیون رسا,Hussein-Ali Montazeri / Ali Shariati,حسینعلی منتظری / علی شریعتی,Ramadan Special,ویژه ماه مبارک رمضان,moving image,Television programs,"3.1333,101.6833"
rasatv1_046.mp4,۱۳۹۰/۰۵/۲۵,8/16/11,2011-08-16,,,Kuala Lumpur ,کوالا لامپور,Malaysia,مالزی,This video is a RASA TV special program for the month of Ramadan. This program includes Mohsen Kadivar’s speech and a song by Rastak Band.,این ویدیو به ویژه برنامه تلویزیون رسا به مناسبت ماه مبارک رمضان اختصاص داده شده است. در این برنامه شاهد سخنرانی محسن کدیور و ترانه ای توسط گروه رستاک میباشیم.,RASA TV ,تلویزیون رسا,Mohsen Kadivar,محسن کدیور,Ramadan Special,ویژه ماه مبارک رمضان,moving image,Television programs,"3.1333,101.6833"
rasatv1_047.mp4,۱۳۹۰/۰۵/۲۶,8/17/11,2011-08-17,,,Kuala Lumpur ,کوالا لامپور,Malaysia,مالزی,This video is a RASA TV special program for the month of Ramadan. This program shows the life of the Iranian nomads.,این ویدیو به ویژه برنامه تلویزیون رسا به مناسبت ماه مبارک رمضان اختصاص داده شده است. در این برنامه شاهد نحوه زندگی عشایر ایرانی هستیم.,RASA TV ,تلویزیون رسا,,,Ramadan Special,ویژه ماه مبارک رمضان,moving image,Television programs,"3.1333,101.6833"
rasatv1_048.mp4,۱۳۹۰/۰۵/۲۶,8/17/11,2011-08-17,,,Kuala Lumpur ,کوالا لامپور,Malaysia,مالزی,This video is a RASA TV special program for the month of Ramadan. This program includes Mohsen Kadivar’s speech about Ramadan.,این ویدیو به ویژه برنامه تلویزیون رسا به مناسبت ماه مبارک رمضان اختصاص داده شده است. در این برنامه شاهد سخنرانی محسن کدیور درباره ماه رمضان میباشیم.,RASA TV ,تلویزیون رسا,Mohsen Kadivar,محسن کدیور,Ramadan Special,ویژه ماه مبارک رمضان,moving image,Television programs,"3.1333,101.6833"
rasatv1_049.mp4,۱۳۹۰/۰۵/۲۶,8/17/11,2011-08-17,,,Kuala Lumpur ,کوالا لامپور,Malaysia,مالزی,"This video is a RASA TV special program for the month of Ramadan. This program includes Ramadan prayers, Hussein-Ali Montazeri’s speech, and highlights of Dr. Ali Shariati’s speech.",این ویدیو به ویژه برنامه تلویزیون رسا به مناسبت ماه مبارک رمضان اختصاص داده شده است. در این برنامه شاهد دعای رمضان، دعای افطار، سخنرانی حسینعلی منتظری و بخش هایی از سخنرانی علی شریعتی میباشیم.,RASA TV ,تلویزیون رسا,Hussein-Ali Montazeri / Ali Shariati,حسینعلی منتظری / علی شریعتی,Ramadan Special,ویژه ماه مبارک رمضان,moving image,Television programs,"3.1333,101.6833"
rasatv1_050.mp4,۱۳۹۰/۰۵/۲۵,8/16/11,2011-08-16,,,Kuala Lumpur ,کوالا لامپور,Malaysia,مالزی,"This video is a RASA TV special program for the month of Ramadan. This program includes Ramadan prayers, Hussein-Ali Montazeri’s speech, and highlights of Dr. Ali Shariati’s speech.",این ویدیو به ویژه برنامه تلویزیون رسا به مناسبت ماه مبارک رمضان اختصاص داده شده است. در این برنامه شاهد دعای رمضان، دعای افطار، سخنرانی حسینعلی منتظری و بخش هایی از سخنرانی علی شریعتی میباشیم.,RASA TV ,تلویزیون رسا,Hussein-Ali Montazeri / Ali Shariati,حسینعلی منتظری / علی شریعتی,Ramadan Special,ویژه ماه مبارک رمضان,moving image,Television programs,"3.1333,101.6833"
rasatv1_051.mp4,۱۳۹۰/۰۵/۲۷,8/18/11,2011-08-18,,,Kuala Lumpur ,کوالا لامپور,Malaysia,مالزی,"This video is a RASA TV special program for the month of Ramadan. This program includes Ramadan prayers, and Hussein-Ali Montazeri’s speech.",این ویدیو به ویژه برنامه تلویزیون رسا به مناسبت ماه مبارک رمضان اختصاص داده شده است. در این برنامه شاهد دعای رمضان و سخنرانی حسینعلی منتظری میباشیم.,RASA TV ,تلویزیون رسا,Hussein-Ali Montazeri,حسینعلی منتظری,Ramadan Special,ویژه ماه مبارک رمضان,moving image,Television programs,"3.1333,101.6833"
rasatv1_052.mp4,۱۳۹۰/۰۵/۲۷,8/18/11,2011-08-18,,,Kuala Lumpur ,کوالا لامپور,Malaysia,مالزی,"This video is a RASA TV special program for the month of Ramadan. This program includes highlights of Dr. Ali Shariati’s speech, Hassan Yousefi Shakouri’s speech, and a song by Homayoun SHajarian.",این ویدیو به ویژه برنامه تلویزیون رسا به مناسبت ماه مبارک رمضان اختصاص داده شده است. در این برنامه شاهد سخنرانی های دکتر علی شریعتی و حسن یوسفی شکوری و ترانه ای از همایون شجریان میباشیم.,RASA TV ,تلویزیون رسا,Ali Shariati / Hassan Yousefi Shakouri,علی شریعتی / حسن یوسفی شکوری,Ramadan Special,ویژه ماه مبارک رمضان,moving image,Television programs,"3.1333,101.6833"
rasatv1_053.mp4,۱۳۹۰/۰۵/۲۸,8/19/11,2011-08-19,,,Kuala Lumpur ,کوالا لامپور,Malaysia,مالزی,"This video is a RASA TV special program for the month of Ramadan. This program includes Ramadan prayers, Hussein-Ali Montazeri’s speech, and highlights of Dr. Ali Shariati’s speech.",این ویدیو به ویژه برنامه تلویزیون رسا به مناسبت ماه مبارک رمضان اختصاص داده شده است. در این برنامه شاهد دعای رمضان، سخنرانی حسینعلی منتظری و بخش هایی از سخنان علی شریعتی میباشیم.,RASA TV ,تلویزیون رسا,Hussein-Ali Montazeri / Ali Shariati,حسینعلی منتظری / علی شریعتی,Ramadan Special,ویژه ماه مبارک رمضان,moving image,Television programs,"3.1333,101.6833"
rasatv1_054.mp4,۱۳۹۰/۰۵/۲۸,8/19/11,2011-08-19,,,Kuala Lumpur ,کوالا لامپور,Malaysia,مالزی,"This video is a RASA TV special program for the month of Ramadan. This program includes Ramadan prayers, Hassan Farashtian’s speech, and a song by Mohammad Esfahani.",این ویدیو به ویژه برنامه تلویزیون رسا به مناسبت ماه مبارک رمضان اختصاص داده شده است. در این برنامه شاهد دعای رمضان، صحبتهای حسن فرشتیان و ترانه از محمد اصفهانی میباشیم.,RASA TV ,تلویزیون رسا,Hassan Farashtian,حسن فرشتیان,Ramadan Special,ویژه ماه مبارک رمضان,moving image,Television programs,"3.1333,101.6833"
rasatv1_055.mp4,۱۳۹۰/۰۵/۲۹,8/20/11,2011-08-20,,,Kuala Lumpur ,کوالا لامپور,Malaysia,مالزی,"This video is a RASA TV special program for the month of Ramadan. This program includes Ramadan prayers, Hussein-Ali Montazeri’s speech, Imam Mousa Sadr’s speech, Hassan Yousefi Ashkouri’s speech, and a song in praise of Imam Ali.",این ویدیو به ویژه برنامه تلویزیون رسا به مناسبت ماه مبارک رمضان اختصاص داده شده است. در این برنامه شاهد دعای رمضان، سخنان حسینعلی منتظری، امام موسی صدر، حسن یوسفی شکوری، و ترانه ای در ستایش امام علی میباشیم.,RASA TV ,تلویزیون رسا,Hussein-Ali Montazeri / Hassan Yousefi Ashkouri / Musa al-Sadr,حسینعلی منتظری / حسن یوسفی اشکوری / سید موسی صدر,Ramadan Special,ویژه ماه مبارک رمضان,moving image,Television programs,"3.1333,101.6833"
rasatv1_056.mp4,۱۳۹۰/۰۵/۳۱,8/22/11,2011-08-22,,,Kuala Lumpur ,کوالا لامپور,Malaysia,مالزی,"This video is a RASA TV special program for the month of Ramadan. This program includes Ramadan prayers, speeches by Hussein-Ali Montazeri, Imam Mousa Sadr, Hassan Farashtian, Bayat Zanjani, and a song in praise of Imam Ali.",این ویدیو به ویژه برنامه تلویزیون رسا به مناسبت ماه مبارک رمضان اختصاص داده شده است. در این برنامه شاهد دعای رمضان، سخنان حسینعلی منتظری، امام موسی صدر، حسن فرشتیان، بیات زنجانی و ترانه ای در ستایش امام علی میباشیم.,RASA TV ,تلویزیون رسا,Hussein-Ali Montazeri / Musa al-Sadr / Hassan Farashtian / Bayat Zanjani ,حسینعلی منتظری / سید موسی صدر / حسن فرشتیان / بیات زنجانی,Ramadan Special,ویژه ماه مبارک رمضان,moving image,Television programs,"3.1333,101.6833"
rasatv1_057.mp4,۱۳۹۰/۰۶/۰۲,8/24/11,2011-08-24,,,Kuala Lumpur ,کوالا لامپور,Malaysia,مالزی,"This video is a RASA TV special program for the month of Ramadan. This program includes Ramadan prayers, speeches by Hussein-Ali Montazeri, Dr. Ali Shariati, and Hassan Farashtian.",این ویدیو به ویژه برنامه تلویزیون رسا به مناسبت ماه مبارک رمضان اختصاص داده شده است. در این برنامه شاهد دعای رمضان، سخنان حسینعلی منتظری، دکتر علی شریعتی و حسن فرشتیان میباشیم.,RASA TV ,تلویزیون رسا,Hussein-Ali Montazeri / Ali Shariati / Hassan Farashtian,حسینعلی منتظری / علی شریعتی / حسن فرشتیان,Ramadan Special,ویژه ماه مبارک رمضان,moving image,Television programs,"3.1333,101.6833"
rasatv1_058.mp4,۱۳۹۰/۰۶/۰۳,8/25/11,2011-08-25,,,Kuala Lumpur ,کوالا لامپور,Malaysia,مالزی,This video is a RASA TV special program for the month of Ramadan. This program includes Ramadan prayers and speeches by Hussein-Ali Montazeri and Hassan Farashtian.,این ویدیو به ویژه برنامه تلویزیون رسا به مناسبت ماه مبارک رمضان اختصاص داده شده است. در این برنامه شاهد دعای رمضان، سخنان حسین علی منتظری و حسن فرشتیان میباشیم.,RASA TV ,تلویزیون رسا,Hussein-Ali Montazeri / Hassan Farashtian,حسینعلی منتظری / حسن فرشتیان,Ramadan Special,ویژه ماه مبارک رمضان,moving image,Television programs,"3.1333,101.6833"
rasatv1_059.mp4,۱۳۹۰/۰۶/۰۵,8/27/11,2011-08-27,,,Kuala Lumpur ,کوالا لامپور,Malaysia,مالزی,"This video is a RASA TV special program for the month of Ramadan. This program includes Ramadan prayers, Hussein-Ali Montazeri’s speech, Dr. Ali Shariati’s speech, Mohsen Kadivar’s speech, and a song by Rastak Band.",این ویدیو به ویژه برنامه تلویزیون رسا به مناسبت ماه مبارک رمضان اختصاص داده شده است. در این برنامه شاهد دعای رمضان، سخنان حسین علی منتظری، دکتر علی شریعتی، محسن کدیور، و ترانه ای توسط گروه رستاک میباشیم.,RASA TV ,تلویزیون رسا,Hussein-Ali Montazeri / Ali Shariati / Mohsen Kadivar,حسینعلی منتظری / علی شریعتی / محسن کدیور,Ramadan Special,ویژه ماه مبارک رمضان,moving image,Television programs,"3.1333,101.6833"
rasatv1_060.mp4,۱۳۹۰/۰۶/۰۶,8/28/11,2011-08-28,,,Kuala Lumpur ,کوالا لامپور,Malaysia,مالزی,"This video is a RASA TV special program for the month of Ramadan. This program includes Ramadan prayers, a song by Hamidreza Nourbakhsh, and speeches by Hussein-Ali Montazeri’s, Imam Mousa Sadr, and Javad Akbarin.",این ویدیو به ویژه برنامه تلویزیون رسا به مناسبت ماه مبارک رمضان اختصاص داده شده است. در این برنامه شاهد دعای رمضان، ترانه از حمیدرضا نوربخش و سخنان حسین علی منتظری، امام موسی صدر و محمد جواد اکبرین میباشیم.,RASA TV ,تلویزیون رسا,Hussein-Ali Montazeri / Musa al-Sadr / Mohammad Javad Akbarin,حسینعلی منتظری / سید موسی صدر / محمد جواد اکبرین,Ramadan Special,ویژه ماه مبارک رمضان,moving image,Television programs,"3.1333,101.6833"
rasatv1_061.mp4,۱۳۹۰/۰۵/۲۴,8/15/11,2011-08-15,,,Kuala Lumpur ,کوالا لامپور,Malaysia,مالزی,"This video is a RASA TV special program for the month of Ramadan. This program includes Ramadan prayers, a song by Rastak Band, and speeches by Dr. Ali Shariati and Hassan Yousefi Ashkouri.",این ویدیو به ویژه برنامه تلویزیون رسا به مناسبت ماه مبارک رمضان اختصاص داده شده است. در این برنامه شاهد دعای رمضان، سخنان دکتر علی شریعتی و حسن یوسفی اشکوری میباشیم.,RASA TV ,تلویزیون رسا,Ali Shariati / Hassan Yousefi Shakouri,علی شریعتی / حسن یوسفی شکوری,Ramadan Special,ویژه ماه مبارک رمضان,moving image,Television programs,"3.1333,101.6833"
rasatv1_062.mp4,۱۳۹۰/۰۶/۰۸,8/30/11,2011-08-30,,,Kuala Lumpur ,کوالا لامپور,Malaysia,مالزی,"This video is a RASA TV special program for the month of Ramadan. This program includes Ramadan prayers, a song by Ehsan Khaje Amiri, and speeches by Dr. Ali Shariati, Hussein-Ali Montazeri and Javad Akbarin.",این ویدیو به ویژه برنامه تلویزیون رسا به مناسبت ماه مبارک رمضان اختصاص داده شده است. در این برنامه شاهد دعای رمضان، ترانه از احسان خواجه امیری و سخنرانی دکتر علی شریعتی، حسینعلی منتظری، و محمد جواد اکبرین میباشیم.,RASA TV ,تلویزیون رسا,Ali Shariati / Hussein-Ali Montazeri / Mohammad Javad Akbarin,علی شریعتی / حسینعلی منتظری / محمد جواد اکبرین,Ramadan Special,ویژه ماه مبارک رمضان,moving image,Television programs,"3.1333,101.6833"
rasatv1_063.mp4,۱۳۹۰/۰۵/۱۵,8/6/11,2011-08-06,,,Kuala Lumpur ,کوالا لامپور,Malaysia,مالزی,This video is a RASA TV special program for the month of Ramadan. This program includes Hassan Farashtian’s speech and a song by Rastak Band.,این ویدیو به ویژه برنامه تلویزیون رسا به مناسبت ماه مبارک رمضان اختصاص داده شده است. در این برنامه شاهد سخنان حسن فرشتیان و ترانه از گروه رستاک میباشیم.,RASA TV ,تلویزیون رسا,Hassan Farashtian,حسن فرشتیان,Ramadan Special,ویژه ماه مبارک رمضان,moving image,Television programs,"3.1333,101.6833"
rasatv1_064.mp4,۱۳۹۰/۰۵/۱۷,8/8/11,2011-08-08,,,Kuala Lumpur ,کوالا لامپور,Malaysia,مالزی,This video is a RASA TV special program for the month of Ramadan. This program includes Ramadan prayers and Hussein-Ali Montazeri’s speech.,این ویدیو به ویژه برنامه تلویزیون رسا به مناسبت ماه مبارک رمضان اختصاص داده شده است. در این برنامه شاهد دعای رمضان و سخنان حسین علی منتظری میباشیم.,RASA TV ,تلویزیون رسا,Hussein-Ali Montazeri,حسینعلی منتظری,Ramadan Special,ویژه ماه مبارک رمضان,moving image,Television programs,"3.1333,101.6833"
rasatv1_065.mp4,۱۳۹۰/۰۵/۱۷,8/8/11,2011-08-08,,,Kuala Lumpur ,کوالا لامپور,Malaysia,مالزی,"This video is a RASA TV special program for the month of Ramadan. This program includes a song by Homayoun Shajarian, highlights of Dr. Ali Shariati’s speech and Mohammad Javad Akbarin’s speech.",این ویدیو به ویژه برنامه تلویزیون رسا به مناسبت ماه مبارک رمضان اختصاص داده شده است. در این برنامه شاهد ترانه از همایون شجریان و سخنرانی دکتر علی شریعتی و محمد جواد اکبرین میباشیم.,RASA TV ,تلویزیون رسا,Ali Shariati / Mohammad Javad Akbarin,علی شریعتی / محمد جواد اکبرین,Ramadan Special,ویژه ماه مبارک رمضان,moving image,Television programs,"3.1333,101.6833"
rasatv1_066.mp4,۱۳۹۰/۰۵/۱۸,8/9/11,2011-08-09,,,Kuala Lumpur ,کوالا لامپور,Malaysia,مالزی,"This video is a RASA TV special program for the month of Ramadan. This program includes Ramadan prayers, highlights of Dr. Ali Shariati’s speech, and Hussein-Ali Montazeri’s speech.",این ویدیو به ویژه برنامه تلویزیون رسا به مناسبت ماه مبارک رمضان اختصاص داده شده است. در این برنامه شاهد دعای رمضان، سخنان دکتر علی شریعتی و حسینعلی منتظری میباشیم.,RASA TV ,تلویزیون رسا,Ali Shariati / Hussein-Ali Montazeri,علی شریعتی / حسینعلی منتظری,Ramadan Special,ویژه ماه مبارک رمضان,moving image,Television programs,"3.1333,101.6833"
rasatv1_067.mp4,۱۳۹۰/۰۵/۱۸,8/9/11,2011-08-09,,,Kuala Lumpur ,کوالا لامپور,Malaysia,مالزی,This video is a RASA TV special program for the month of Ramadan. This program includes Ramadan prayers and a speech by Hassan Yousefi Ashkouri.,این ویدیو به ویژه برنامه تلویزیون رسا به مناسبت ماه مبارک رمضان اختصاص داده شده است. در این برنامه شاهد دعای رمضان و سخنان حسن یوسفی اشکوری میباشیم.,RASA TV ,تلویزیون رسا,Hassan Yousefi Ashkouri,حسن یوسفی اشکوری,Ramadan Special,ویژه ماه مبارک رمضان,moving image,Television programs,"3.1333,101.6833"
rasatv1_068.mp4,۱۳۹۰/۰۶/۰۱,8/23/11,2011-08-23,,,Kuala Lumpur ,کوالا لامپور,Malaysia,مالزی,This is video is a RASA TV special program on Shab-e-Qadr. Shab-e-Qadr is one of the odd nights of the last ten days of Ramadan. Shab-e-Qadr is believed to be the night when the first verses of the Quran were revealed to Prophet Mohammad.,این ویدیو به ویژه برنامهٔ تلویزیون رسا پیرامون شبِ قدر اختصاص داده شده است.,RASA TV ,تلویزیون رسا,,,Ramadan Special,ویژه ماه مبارک رمضان,moving image,Television programs,"3.1333,101.6833"
rasatv1_069.mp4,۱۳۹۰/۰۵/۳۱,8/22/11,2011-08-22,,,Kuala Lumpur ,کوالا لامپور,Malaysia,مالزی,This is video is a RASA TV special program on Shab-e-Qadr. Shab-e-Qadr is one of the odd nights of the last ten days of Ramadan. Shab-e-Qadr is believed to be the night when the first verses of the Quran were revealed to Prophet Mohammad. This program includes a speech by Dr. Soleymani.,این ویدیو به ویژه برنامهٔ تلویزیون رسا پیرامون شبِ قدر اختصاص داده شده است.,RASA TV ,تلویزیون رسا,,,Ramadan Special,ویژه ماه مبارک رمضان,moving image,Television programs,"3.1333,101.6833"
rasatv1_070.mp4,۱۳۹۰/۰۵/۳۱,8/22/11,2011-08-22,,,Kuala Lumpur ,کوالا لامپور,Malaysia,مالزی,This is video is a RASA TV special program on Shab-e-Qadr. Shab-e-Qadr is one of the odd nights of the last ten days of Ramadan. Shab-e-Qadr is believed to be the night when the first verses of the Quran were revealed to Prophet Mohammad. This program includes a speech by Dr. Soleymani.,این ویدیو به ویژه برنامهٔ تلویزیون رسا پیرامون شبِ قدر اختصاص داده شده است.,RASA TV ,تلویزیون رسا,,,Ramadan Special,ویژه ماه مبارک رمضان,moving image,Television programs,"3.1333,101.6833"
rasatv1_071.mp4,۱۳۹۰/۰۵/۳۱,8/22/11,2011-08-22,,,Kuala Lumpur ,کوالا لامپور,Malaysia,مالزی,This is video is a RASA TV special program on Shab-e-Qadr. Shab-e-Qadr is one of the odd nights of the last ten days of Ramadan. Shab-e-Qadr is believed to be the night when the first verses of the Quran were revealed to Prophet Mohammad. This program includes a speech by Dr. Soleymani.,این ویدیو به ویژه برنامهٔ تلویزیون رسا پیرامون شبِ قدر اختصاص داده شده است.,RASA TV ,تلویزیون رسا,,,Ramadan Special,ویژه ماه مبارک رمضان,moving image,Television programs,"3.1333,101.6833"
rasatv1_072.mp4,۱۳۹۰/۰۵/۲۹,8/20/11,2011-08-20,,,Kuala Lumpur ,کوالا لامپور,Malaysia,مالزی,This is video is RASA TV special program on Shab-e-Qadr. Shab-e-Qadr is one of the odd nights of the last ten days of Ramadan. Shab-e-Qadr is believed to be the night when the first verses of the Quran were revealed to Prophet Mohammad. This program includes Shab-e-Qadr’s prayers and a speech by Ayatollah Amjad.,این ویدیو به ویژه برنامهٔ تلویزیون رسا پیرامون شبِ قدر اختصاص داده شده است.,RASA TV ,تلویزیون رسا,,,Ramadan Special,ویژه ماه مبارک رمضان,moving image,Television programs,"3.1333,101.6833"
rasatv1_073.mp4,۱۳۹۰/۰۵/۳۰,8/21/11,2011-08-21,,,Kuala Lumpur ,کوالا لامپور,Malaysia,مالزی,This is video is RASA TV special program on Shab-e-Qadr. Shab-e-Qadr is one of the odd nights of the last ten days of Ramadan. Shab-e-Qadr is believed to be the night when the first verses of the Quran were revealed to Prophet Mohammad. This program includes Shab-e-Qadr’s prayers and a speech by Ayatollah Amjad.,این ویدیو به ویژه برنامهٔ تلویزیون رسا پیرامون شبِ قدر اختصاص داده شده است.,RASA TV ,تلویزیون رسا,,,Ramadan Special,ویژه ماه مبارک رمضان,moving image,Television programs,"3.1333,101.6833"
rasatv1_074.mp4,۱۳۹۰/۰۵/۲۱,8/12/11,2011-08-12,,,Kuala Lumpur ,کوالا لامپور,Malaysia,مالزی,"This video is a RASA TV special program for the month of Ramadan. This program includes a song by Rasam band, Mohsen Kadivar’s speech, and Mohammad Javad Akbarin’s speech.",این ویدیو به ویژه برنامه تلویزیون رسا به مناسبت ماه مبارک رمضان اختصاص داده شده است. این برنامه شامل ترانه از گروه رسام، سخنرانی محسن کدیور و محمد جواد اکبرین میباشیم.,RASA TV ,تلویزیون رسا,Mohsen Kadivar / Mohammad Javad Akbarin,محسن کدیور / محمد جواد اکبرین,Ramadan Special,ویژه ماه مبارک رمضان,moving image,Television programs,"3.1333,101.6833"
rasatv1_075.mp4,۱۳۹۰/۰۵/۲۱,8/12/11,2011-08-12,,,Kuala Lumpur ,کوالا لامپور,Malaysia,مالزی,"This video is a RASA TV special program for the month of Ramadan. This program includes Ramadan prayers, Iftar prayers, highlights of Dr. Ali Shariati’s speech, and Hussein-Ali Montazeri’s speech.",این ویدیو به ویژه برنامه تلویزیون رسا به مناسبت ماه مبارک رمضان اختصاص داده شده است. این برنامه شامل دعای رمضان، دعای افطار، سخنان دکتر علی شریعتی و حسینعلی منتظری میباشیم.,RASA TV ,تلویزیون رسا,Ali Shariati / Hussein-Ali Montazeri,علی شریعتی / حسینعلی منتظری,Ramadan Special,ویژه ماه مبارک رمضان,moving image,Television programs,"3.1333,101.6833"
rasatv1_076.mp4,۱۳۹۰/۰۵/۱۴,8/5/11,2011-08-05,,,Kuala Lumpur ,کوالا لامپور,Malaysia,مالزی,This video is a RASA TV special program for the month of Ramadan. This program includes a speech by Mohammad Javad Akbarin and a song by Kamkars.,این ویدیو به ویژه برنامه تلویزیون رسا به مناسبت ماه مبارک رمضان اختصاص داده شده است. این برنامه شامل سخنان محمد جواد اکبرین و ترانه از کامکارها میباشیم.,RASA TV ,تلویزیون رسا,Mohammad Javad Akbarin,محمد جواد اکبرین,Ramadan Special,ویژه ماه مبارک رمضان,moving image,Television programs,"3.1333,101.6833"
rasatv1_077.mp4,۱۳۹۰/۰۵/۱۵,8/6/11,2011-08-06,,,Kuala Lumpur ,کوالا لامپور,Malaysia,مالزی,"This video is a RASA TV special program for the month of Ramadan. This program includes Ramadan prayers, highlights of Dr. Ali Shariati’s speech, and Hossein Zamani’s speech.",این ویدیو به ویژه برنامه تلویزیون رسا به مناسبت ماه مبارک رمضان اختصاص داده شده است. این برنامه شامل دعای رمضان، فرازی از سخنان دکتر علی شریعتی و حسین زمانی میباشیم.,RASA TV ,تلویزیون رسا,Ali Shariati / Hossein Zamani,علی شریعتی / حسین زمانی,Ramadan Special,ویژه ماه مبارک رمضان,moving image,Television programs,"3.1333,101.6833"
rasatv1_078.mp4,۱۳۹۰/۰۵/۱۶,8/7/11,2011-08-07,,,Kuala Lumpur ,کوالا لامپور,Malaysia,مالزی,"This video is a RASA TV special program for the month of Ramadan. This program includes Ramadan prayers, highlights of Dr. Ali Shariati’s speech, Hussein-Ali Montazeri’s speech, and highlights of Ayatollah Taleghani’s speech.",این ویدیو به ویژه برنامه تلویزیون رسا به مناسبت ماه مبارک رمضان اختصاص داده شده است. این برنامه شامل دعای رمضان، فرازی از سخنان دکتر علی شریعتی، حسینعلی منتظری و آیت الله طالقانی میباشیم.,RASA TV ,تلویزیون رسا,Ali Shariati / Hussein-Ali Montazeri / Mahmoud Taleghani,علی شریعتی / حسینعلی منتظری / محمود طالقانی,Ramadan Special,ویژه ماه مبارک رمضان,moving image,Television programs,"3.1333,101.6833"
rasatv1_079.mp4,۱۳۹۰/۰۵/۱۶,8/7/11,2011-08-07,,,Kuala Lumpur ,کوالا لامپور,Malaysia,مالزی,This video is a RASA TV special program for the month of Ramadan. This program includes a speech by Hassan Yousefi Ashkouri and a song by Homayoun Shajarian.,این ویدیو به ویژه برنامه تلویزیون رسا به مناسبت ماه مبارک رمضان اختصاص داده شده است. این برنامه شامل سخنان حسن یوسفی اشکوری و ترانه از همایون شجریان میباشیم.,RASA TV ,تلویزیون رسا,Hassan Yousefi Ashkouri,حسن یوسفی اشکوری,Ramadan Special,ویژه ماه مبارک رمضان,moving image,Television programs,"3.1333,101.6833"
rasatv1_080.mp4,۱۳۸۹/۰۹/۰۶,12/7/10,2010-12-07,,,Tehran,تهران,Iran,ایران,RASA TV report on the increasing rate of HIV prevalence in Iran.,این ویدیو به گزارش تلویزیون رسا از افزایش تعداد مبتلایان به بیماری ایدز در ایران اختصاص داده شده است.,RASA TV ,تلویزیون رسا,,,Rate of HIV Prevalence in Iran,سرعت افزایش بیماری ایدز در ایران,moving image,Television programs,"35.68919, 51.38897"
rasatv1_081.mp4,۱۳۸۹/۰۷/۱۱,10/3/10,2010-10-03,,,Tehran,تهران,Iran,ایران,RASA TV report on the fall in Iran’s currency value and the increase in gold price.,این ویدیو به گزارش تلویزیون رسا از سقوط ارزش ارز ایران و افزایش قیمت طلا اختصاص داده شده است.,RASA TV ,تلویزیون رسا,,,Report on Iran’s Currency Value,گزارش از ارزش ارز ایران,moving image,Television programs,"35.68919, 51.38897"
rasatv1_082.mp4,۱۳۸۹/۱۰/۲۹,1/19/11,2011-01-19,,,Tehran,تهران,Iran,ایران,RASA TV report on the infection of Bushehr Nuclear Power Plant computers by Stuxnet virus.,این ویدیو به گزارش تلویزیون رسا پیرامون نفوذ اینترنتی ویروس استاکس نت به رایانه های نیروگاه هسته ای بوشهر اختصاص دارد.,RASA TV ,تلویزیون رسا,,,Infection of Bushehr Nuclear Power Plant Computers,نفوذ اینترنتی ویروس به رایانه,moving image,Television programs,"35.68919, 51.38897"
rasatv1_083.mp4,۱۳۹۰/۰۱/۱۲,4/1/11,2011-04-01,,,Tehran,تهران,Iran,ایران,Green Phoenix is a documentary about the Iranian 2009 presidential election and the election aftermath.,مستند ققنوس سبز پیرامون انتخابات ریاست جمهوری سال ۱۳۸۸ و وقایع بعد از انتخابات اختصاص داده شده است.,RASA TV ,تلویزیون رسا,,,Green Phoenix Documentary,مستند ققنوس سبز,moving image,Television programs,"35.68919, 51.38897"
rasatv1_084.mp4,۱۳۹۰/۱۱/۱۹,2/8/12,2012-02-08,,,Tehran,تهران,Iran,ایران,"Iranian opposition leaders Mir Hossein Mousavi and Mehdi Karroubi, and their wives, were placed under house arrest by security forces on February 14, 2011.",در تاریخ ۲۵ بهمن ۱۳۸۹ رهبران سياسى منتقد حکومت ايران، مير حسين موسوى، مهدى کروبى، و همسرانشان در فقدان کامل هر گونه پروسه قضائى در حبس خانگى گرفتار بوده اند. این گزارش به این جریانات اختصاص دارد.,RASA TV ,تلویزیون رسا,Mir-Hossein Mousavi / Mehdi Karroubi / Zahra Rahnavard ,میرحسین موسوی / مهدی کروبی / زهرا رهنورد,House Arrest of the Iranian opposition Leaders,حبس خانگى رهبران سياسى منتقد حکومت ايران,moving image,Television programs,"35.68919, 51.38897"